{"cameraMode":{"drawMode":0,"name":"Shaded","section":"Shading Mode"},"sceneLighting":true,"audioPlay":false,"sceneViewState":{"m_AlwaysRefresh":false,"showFog":true,"showSkybox":true,"showFlares":true,"showImageEffects":true,"showParticleSystems":true,"showVisualEffectGraphs":true,"m_FxEnabled":true},"in2DMode":false,"pivot":{"x":0.09753552079200745,"y":-0.5504136085510254,"z":-59.01824951171875},"rotation":{"x":0.620326817035675,"y":-0.17863397300243379,"z":0.14790290594100953,"w":0.7493044137954712},"size":4.3079376220703129,"orthographic":false}