{"cameraMode":{"drawMode":0,"name":"Shaded","section":"Shading Mode"},"sceneLighting":false,"audioPlay":false,"sceneViewState":{"m_AlwaysRefresh":false,"showFog":true,"showSkybox":false,"showFlares":true,"showImageEffects":true,"showParticleSystems":true,"showVisualEffectGraphs":true,"m_FxEnabled":true},"in2DMode":false,"pivot":{"x":-0.006366133689880371,"y":0.8325082063674927,"z":0.08275556564331055},"rotation":{"x":0.024182602763175966,"y":-0.9552597999572754,"z":0.28330448269844057,"w":0.0815795511007309},"size":1.696030616760254,"orthographic":false}