{"cameraMode":{"drawMode":0,"name":"Shaded","section":"Shading Mode"},"sceneLighting":true,"audioPlay":false,"sceneViewState":{"m_AlwaysRefresh":false,"showFog":true,"showSkybox":false,"showFlares":true,"showImageEffects":true,"showParticleSystems":true,"showVisualEffectGraphs":true,"m_FxEnabled":true},"in2DMode":false,"pivot":{"x":-0.10159704089164734,"y":1.910566806793213,"z":-0.3474438190460205},"rotation":{"x":0.01182554941624403,"y":0.9720224738121033,"z":-0.22924353182315827,"w":0.05024021491408348},"size":1.3174684047698975,"orthographic":false}